codigo;usuario;material;valor_propuesto;fechapropuesta
891469;dduran;-;1;29-09-2025
512605;dduran;-;1;29-09-2025
519981;dduran;-;1;29-09-2025
2207733;dduran;-;1;29-09-2025
1343293;dduran;-;1;29-09-2025
1480076;dduran;-;1;29-09-2025
2272960;dduran;-;1;29-09-2025
2327412;dduran;-;1;29-09-2025
2207904;dduran;-;1;29-09-2025
1994787;dduran;-;1;29-09-2025
2013214;dduran;-;1;29-09-2025
1508623;dduran;-;1;29-09-2025
2012608;dduran;-;1;29-09-2025
513862;dduran;-;1;29-09-2025
2280098;dduran;-;1;29-09-2025
1331488;dduran;-;1;29-09-2025
523068;dduran;-;1;29-09-2025
2295511;dduran;-;1;29-09-2025
1653228;dduran;-;1;29-09-2025
1756793;dduran;-;1;29-09-2025
1663281;dduran;-;1;30-09-2025
1370060;dduran;-;1;30-09-2025
2251777;dduran;-;1;30-09-2025
1852311;dduran;-;1;30-09-2025
2329780;dduran;-;1;30-09-2025
2295490;dduran;-;1;30-09-2025
1911606;dduran;-;1;30-09-2025
2350903;dduran;-;1;30-09-2025
2308942;dduran;-;1;30-09-2025
521670;dduran;-;1;30-09-2025
2065214;dduran;-;1;30-09-2025
2228158;dduran;-;1;30-09-2025
1659589;dduran;-;1;30-09-2025
521626;dduran;-;1;30-09-2025
1322643;dduran;-;1;30-09-2025
523239;dduran;-;1;30-09-2025
520162;dduran;-;1;30-09-2025
520185;dduran;-;1;30-09-2025
2345719;dduran;-;1;30-09-2025
1852312;dduran;-;1;30-09-2025
523399;dduran;-;1;01-10-2025
2317625;dduran;-;1;01-10-2025
1945067;dduran;-;1;01-10-2025
1338942;dduran;-;1;01-10-2025
2144161;dduran;-;1;01-10-2025
1860674;dduran;-;1;01-10-2025
2314787;dduran;-;1;01-10-2025
1497555;dduran;-;1;01-10-2025
1939358;dduran;-;1;01-10-2025
897183;dduran;-;1;01-10-2025
1691534;dduran;-;1;01-10-2025
2228473;dduran;-;1;01-10-2025
517676;dduran;-;1;01-10-2025
519240;dduran;-;1;01-10-2025
517965;dduran;-;1;01-10-2025
2270471;dduran;-;1;01-10-2025
794297;dduran;-;1;01-10-2025
615704;dduran;-;1;01-10-2025
691257;dduran;-;1;01-10-2025
928140;dduran;-;1;01-10-2025
776662;dduran;-;1;02-10-2025
2227914;dduran;-;1;02-10-2025
1429092;dduran;-;1;02-10-2025
1649126;dduran;-;1;02-10-2025
515723;dduran;-;1;02-10-2025
1901266;dduran;-;1;02-10-2025
2138561;dduran;-;1;02-10-2025
1920042;dduran;-;1;02-10-2025
1354747;dduran;-;1;02-10-2025
710606;dduran;-;1;02-10-2025
2292761;dduran;-;1;02-10-2025
516023;dduran;-;1;02-10-2025
717680;dduran;-;1;02-10-2025
523171;dduran;-;1;02-10-2025
2139537;dduran;-;1;02-10-2025
709520;dduran;-;1;02-10-2025
522365;dduran;-;1;02-10-2025
2163641;dduran;-;1;02-10-2025
522363;dduran;-;1;02-10-2025
1903136;dduran;-;1;02-10-2025
519897;dduran;-;1;03-10-2025
515071;dduran;-;1;03-10-2025
1499423;dduran;-;1;03-10-2025
511031;dduran;-;1;03-10-2025
2252863;dduran;-;1;03-10-2025
2318658;dduran;-;1;03-10-2025
2106209;dduran;-;1;03-10-2025
1990881;dduran;-;1;03-10-2025
521848;dduran;-;1;03-10-2025
565878;dduran;-;1;03-10-2025
1352682;dduran;-;1;03-10-2025
745964;dduran;-;1;03-10-2025
763430;dduran;-;1;03-10-2025
755848;dduran;-;1;03-10-2025
1300928;cmoreno;-;1;29-09-2025
570724;cmoreno;-;1;29-09-2025
2262362;cmoreno;-;1;29-09-2025
2317664;cmoreno;-;1;29-09-2025
2292022;cmoreno;-;1;29-09-2025
571332;cmoreno;-;1;29-09-2025
2305983;cmoreno;-;1;29-09-2025
1372207;cmoreno;-;1;29-09-2025
1961720;cmoreno;-;1;29-09-2025
879997;cmoreno;-;1;29-09-2025
570515;cmoreno;-;1;29-09-2025
2315412;cmoreno;-;1;29-09-2025
2148165;cmoreno;-;1;29-09-2025
572874;cmoreno;-;1;29-09-2025
2238398;cmoreno;-;1;29-09-2025
1650489;cmoreno;-;1;30-09-2025
599624;cmoreno;-;1;30-09-2025
1671363;cmoreno;-;1;30-09-2025
572432;cmoreno;-;1;30-09-2025
2264129;cmoreno;-;1;30-09-2025
2280059;cmoreno;-;1;30-09-2025
2304682;cmoreno;-;1;30-09-2025
780929;cmoreno;-;1;30-09-2025
827307;cmoreno;-;1;30-09-2025
982853;cmoreno;-;1;30-09-2025
833676;cmoreno;-;1;30-09-2025
1677418;cmoreno;-;1;30-09-2025
1666110;cmoreno;-;1;30-09-2025
1942889;cmoreno;-;1;30-09-2025
782880;cmoreno;-;1;30-09-2025
1305164;cmoreno;-;1;01-10-2025
1990538;cmoreno;-;1;01-10-2025
1367268;cmoreno;-;1;01-10-2025
568155;cmoreno;-;1;01-10-2025
779443;cmoreno;-;1;01-10-2025
1577757;cmoreno;-;1;01-10-2025
720540;cmoreno;-;1;01-10-2025
1354476;cmoreno;-;1;01-10-2025
1714233;cmoreno;-;1;01-10-2025
569157;cmoreno;-;1;01-10-2025
1621916;cmoreno;-;1;01-10-2025
571539;cmoreno;-;1;01-10-2025
1646858;cmoreno;-;1;01-10-2025
572979;cmoreno;-;1;01-10-2025
571065;cmoreno;-;1;01-10-2025
1319422;cmoreno;-;1;02-10-2025
568086;cmoreno;-;1;02-10-2025
572075;cmoreno;-;1;02-10-2025
1626819;cmoreno;-;1;02-10-2025
1373958;cmoreno;-;1;02-10-2025
1815113;cmoreno;-;1;02-10-2025
800209;cmoreno;-;1;02-10-2025
997900;cmoreno;-;1;02-10-2025
571288;cmoreno;-;1;02-10-2025
762877;cmoreno;-;1;02-10-2025
901287;cmoreno;-;1;02-10-2025
2208917;cmoreno;-;1;02-10-2025
2312909;cmoreno;-;1;02-10-2025
571351;cmoreno;-;1;02-10-2025
2133726;cmoreno;-;1;02-10-2025
572530;cmoreno;-;1;03-10-2025
2292021;cmoreno;-;1;03-10-2025
783166;cmoreno;-;1;03-10-2025
2270640;cmoreno;-;1;03-10-2025
568537;cmoreno;-;1;03-10-2025
2218834;cmoreno;-;1;03-10-2025
1989376;cmoreno;-;1;03-10-2025
1316098;cmoreno;-;1;03-10-2025
571290;cmoreno;-;1;03-10-2025
846718;cmoreno;-;1;03-10-2025
1424615;cmoreno;-;1;03-10-2025
2015647;cmoreno;-;1;03-10-2025
1869416;cmoreno;-;1;03-10-2025
2122456;cmoreno;-;1;03-10-2025
1440260;cmoreno;-;1;03-10-2025
1327053;epalacios;-;1;29-09-2025
507386;epalacios;-;1;29-09-2025
1363872;epalacios;-;1;29-09-2025
803295;epalacios;-;1;29-09-2025
2219342;epalacios;-;1;29-09-2025
506218;epalacios;-;1;29-09-2025
741729;epalacios;-;1;29-09-2025
1747498;epalacios;-;1;29-09-2025
824114;epalacios;-;1;29-09-2025
982454;epalacios;-;1;29-09-2025
1456519;epalacios;-;1;29-09-2025
1606016;epalacios;-;1;29-09-2025
2253583;epalacios;-;1;29-09-2025
835465;epalacios;-;1;29-09-2025
506894;epalacios;-;1;29-09-2025
1678538;epalacios;-;1;30-09-2025
2293456;epalacios;-;1;30-09-2025
2232060;epalacios;-;1;30-09-2025
2270669;epalacios;-;1;30-09-2025
2325428;epalacios;-;1;30-09-2025
1758160;epalacios;-;1;30-09-2025
745352;epalacios;-;1;30-09-2025
1786801;epalacios;-;1;30-09-2025
1571734;epalacios;-;1;30-09-2025
2280921;epalacios;-;1;30-09-2025
795953;epalacios;-;1;30-09-2025
704485;epalacios;-;1;30-09-2025
846668;epalacios;-;1;30-09-2025
1876327;epalacios;-;1;30-09-2025
1759077;epalacios;-;1;30-09-2025
2259157;epalacios;-;1;01-10-2025
506431;epalacios;-;1;01-10-2025
995472;epalacios;-;1;01-10-2025
1432741;epalacios;-;1;01-10-2025
2141626;epalacios;-;1;01-10-2025
851962;epalacios;-;1;01-10-2025
1577809;epalacios;-;1;01-10-2025
506289;epalacios;-;1;01-10-2025
915823;epalacios;-;1;01-10-2025
1367295;epalacios;-;1;01-10-2025
1459415;epalacios;-;1;01-10-2025
506867;epalacios;-;1;01-10-2025
2320714;epalacios;-;1;01-10-2025
1756630;epalacios;-;1;01-10-2025
2231677;epalacios;-;1;01-10-2025
935552;epalacios;-;1;02-10-2025
508829;epalacios;-;1;02-10-2025
1644615;epalacios;-;1;02-10-2025
1492074;epalacios;-;1;02-10-2025
506685;epalacios;-;1;02-10-2025
1357060;epalacios;-;1;02-10-2025
2328285;epalacios;-;1;02-10-2025
507303;epalacios;-;1;02-10-2025
2326774;epalacios;-;1;02-10-2025
2236125;epalacios;-;1;02-10-2025
615473;epalacios;-;1;02-10-2025
2031914;epalacios;-;1;02-10-2025
2244822;epalacios;-;1;02-10-2025
2026402;epalacios;-;1;02-10-2025
2271182;epalacios;-;1;02-10-2025
896714;epalacios;-;1;03-10-2025
2218714;epalacios;-;1;03-10-2025
2251876;epalacios;-;1;03-10-2025
1372836;epalacios;-;1;03-10-2025
785669;epalacios;-;1;03-10-2025
507152;epalacios;-;1;03-10-2025
999405;epalacios;-;1;03-10-2025
2289135;epalacios;-;1;03-10-2025
2274858;epalacios;-;1;03-10-2025
507165;epalacios;-;1;03-10-2025
776065;epalacios;-;1;03-10-2025
552284;epalacios;-;1;03-10-2025
821263;epalacios;-;1;03-10-2025
1916753;epalacios;-;1;03-10-2025
506654;epalacios;-;1;03-10-2025
1317259;fperez;-;1;29-09-2025
504600;fperez;-;1;29-09-2025
838517;fperez;-;1;29-09-2025
780812;fperez;-;1;29-09-2025
2007376;fperez;-;1;29-09-2025
821319;fperez;-;1;29-09-2025
773681;fperez;-;1;29-09-2025
503863;fperez;-;1;29-09-2025
845406;fperez;-;1;29-09-2025
1915821;fperez;-;1;29-09-2025
503496;fperez;-;1;29-09-2025
2087134;fperez;-;1;29-09-2025
718603;fperez;-;1;29-09-2025
840247;fperez;-;1;29-09-2025
921322;fperez;-;1;29-09-2025
1576881;fperez;-;1;30-09-2025
1686200;fperez;-;1;30-09-2025
707212;fperez;-;1;30-09-2025
776543;fperez;-;1;30-09-2025
784825;fperez;-;1;30-09-2025
779880;fperez;-;1;30-09-2025
1962232;fperez;-;1;30-09-2025
552839;fperez;-;1;30-09-2025
1356647;fperez;-;1;30-09-2025
1422313;fperez;-;1;30-09-2025
2312623;fperez;-;1;30-09-2025
2291604;fperez;-;1;30-09-2025
2294085;fperez;-;1;30-09-2025
503799;fperez;-;1;30-09-2025
983070;fperez;-;1;30-09-2025
504201;fperez;-;1;01-10-2025
2293898;fperez;-;1;01-10-2025
503752;fperez;-;1;01-10-2025
2232217;fperez;-;1;01-10-2025
2247053;fperez;-;1;01-10-2025
893420;fperez;-;1;01-10-2025
2329920;fperez;-;1;01-10-2025
1449324;fperez;-;1;01-10-2025
503840;fperez;-;1;01-10-2025
1960143;fperez;-;1;01-10-2025
2209841;fperez;-;1;01-10-2025
715496;fperez;-;1;01-10-2025
504190;fperez;-;1;01-10-2025
503648;fperez;-;1;01-10-2025
850760;fperez;-;1;01-10-2025
934320;fperez;-;1;02-10-2025
2092423;fperez;-;1;02-10-2025
1332040;fperez;-;1;02-10-2025
504104;fperez;-;1;02-10-2025
730107;fperez;-;1;02-10-2025
1954281;fperez;-;1;02-10-2025
2152043;fperez;-;1;02-10-2025
503440;fperez;-;1;02-10-2025
851545;fperez;-;1;02-10-2025
1599816;fperez;-;1;02-10-2025
504926;fperez;-;1;02-10-2025
784928;fperez;-;1;02-10-2025
2066993;fperez;-;1;02-10-2025
503788;fperez;-;1;02-10-2025
504521;fperez;-;1;02-10-2025
715057;fperez;-;1;03-10-2025
504522;fperez;-;1;03-10-2025
2287437;fperez;-;1;03-10-2025
2437263;fperez;-;1;03-10-2025
592504;fperez;-;1;03-10-2025
574589;fperez;-;1;03-10-2025
1651952;fperez;-;1;03-10-2025
755621;fperez;-;1;03-10-2025
1339222;fperez;-;1;03-10-2025
503517;fperez;-;1;03-10-2025
503202;fperez;-;1;03-10-2025
504238;fperez;-;1;03-10-2025
1731092;fperez;-;1;03-10-2025
2052317;fperez;-;1;03-10-2025
505034;fperez;-;1;03-10-2025
1330372;frojas;-;1;29-09-2025
2358480;frojas;-;1;29-09-2025
2011637;frojas;-;1;29-09-2025
848323;frojas;-;1;29-09-2025
1829877;frojas;-;1;29-09-2025
1345088;frojas;-;1;29-09-2025
2283414;frojas;-;1;29-09-2025
564291;frojas;-;1;29-09-2025
561389;frojas;-;1;29-09-2025
561808;frojas;-;1;29-09-2025
562557;frojas;-;1;29-09-2025
562707;frojas;-;1;29-09-2025
2026493;frojas;-;1;29-09-2025
1956571;frojas;-;1;29-09-2025
2266070;frojas;-;1;29-09-2025
2296445;frojas;-;1;30-09-2025
2307363;frojas;-;1;30-09-2025
844914;frojas;-;1;30-09-2025
560733;frojas;-;1;30-09-2025
2393505;frojas;-;1;30-09-2025
796338;frojas;-;1;30-09-2025
2311088;frojas;-;1;30-09-2025
2353689;frojas;-;1;30-09-2025
816520;frojas;-;1;30-09-2025
848091;frojas;-;1;30-09-2025
563190;frojas;-;1;30-09-2025
560403;frojas;-;1;30-09-2025
562143;frojas;-;1;30-09-2025
706715;frojas;-;1;30-09-2025
562779;frojas;-;1;30-09-2025
995243;frojas;-;1;01-10-2025
2222522;frojas;-;1;01-10-2025
1856031;frojas;-;1;01-10-2025
2305356;frojas;-;1;01-10-2025
1428510;frojas;-;1;01-10-2025
563597;frojas;-;1;01-10-2025
2210456;frojas;-;1;01-10-2025
2353916;frojas;-;1;01-10-2025
814513;frojas;-;1;01-10-2025
1989982;frojas;-;1;01-10-2025
1373137;frojas;-;1;01-10-2025
2210612;frojas;-;1;01-10-2025
1373289;frojas;-;1;01-10-2025
1601067;frojas;-;1;01-10-2025
2206916;frojas;-;1;01-10-2025
797234;frojas;-;1;02-10-2025
2059050;frojas;-;1;02-10-2025
2027939;frojas;-;1;02-10-2025
2427002;frojas;-;1;02-10-2025
2311110;frojas;-;1;02-10-2025
773143;frojas;-;1;02-10-2025
2314705;frojas;-;1;02-10-2025
561988;frojas;-;1;02-10-2025
2274531;frojas;-;1;02-10-2025
2265164;frojas;-;1;02-10-2025
1718301;frojas;-;1;02-10-2025
563126;frojas;-;1;02-10-2025
2286598;frojas;-;1;02-10-2025
1692621;frojas;-;1;02-10-2025
2332496;frojas;-;1;02-10-2025
2261248;frojas;-;1;03-10-2025
2106466;frojas;-;1;03-10-2025
788238;frojas;-;1;03-10-2025
1621871;frojas;-;1;03-10-2025
2005426;frojas;-;1;03-10-2025
2168078;frojas;-;1;03-10-2025
728587;frojas;-;1;03-10-2025
2255906;frojas;-;1;03-10-2025
2164068;frojas;-;1;03-10-2025
829389;frojas;-;1;03-10-2025
2303407;frojas;-;1;03-10-2025
1916932;frojas;-;1;03-10-2025
2260885;frojas;-;1;03-10-2025
2227297;frojas;-;1;03-10-2025
2151600;frojas;-;1;03-10-2025
1421793;mcarvajal;-;1;29-09-2025
2241898;mcarvajal;-;1;29-09-2025
978880;mcarvajal;-;1;29-09-2025
1439918;mcarvajal;-;1;29-09-2025
556694;mcarvajal;-;1;29-09-2025
1706075;mcarvajal;-;1;29-09-2025
2273805;mcarvajal;-;1;29-09-2025
1964948;mcarvajal;-;1;29-09-2025
555594;mcarvajal;-;1;29-09-2025
2361197;mcarvajal;-;1;29-09-2025
556739;mcarvajal;-;1;29-09-2025
898636;mcarvajal;-;1;29-09-2025
556889;mcarvajal;-;1;29-09-2025
1923237;mcarvajal;-;1;29-09-2025
1640499;mcarvajal;-;1;29-09-2025
1658924;mcarvajal;-;1;30-09-2025
1813402;mcarvajal;-;1;30-09-2025
553980;mcarvajal;-;1;30-09-2025
705789;mcarvajal;-;1;30-09-2025
2214552;mcarvajal;-;1;30-09-2025
1679527;mcarvajal;-;1;30-09-2025
554914;mcarvajal;-;1;30-09-2025
2156465;mcarvajal;-;1;30-09-2025
855225;mcarvajal;-;1;30-09-2025
846300;mcarvajal;-;1;30-09-2025
557639;mcarvajal;-;1;30-09-2025
920883;mcarvajal;-;1;30-09-2025
1418823;mcarvajal;-;1;30-09-2025
1435535;mcarvajal;-;1;30-09-2025
1845832;mcarvajal;-;1;30-09-2025
1990935;mcarvajal;-;1;01-10-2025
774501;mcarvajal;-;1;01-10-2025
699188;mcarvajal;-;1;01-10-2025
1673390;mcarvajal;-;1;01-10-2025
1357585;mcarvajal;-;1;01-10-2025
2251949;mcarvajal;-;1;01-10-2025
1872494;mcarvajal;-;1;01-10-2025
1681944;mcarvajal;-;1;01-10-2025
1469580;mcarvajal;-;1;01-10-2025
557567;mcarvajal;-;1;01-10-2025
2065933;mcarvajal;-;1;01-10-2025
1702102;mcarvajal;-;1;01-10-2025
884192;mcarvajal;-;1;01-10-2025
788731;mcarvajal;-;1;01-10-2025
1604227;mcarvajal;-;1;01-10-2025
834076;mcarvajal;-;1;02-10-2025
1319503;mcarvajal;-;1;02-10-2025
554525;mcarvajal;-;1;02-10-2025
2219241;mcarvajal;-;1;02-10-2025
2339406;mcarvajal;-;1;02-10-2025
748597;mcarvajal;-;1;02-10-2025
1747607;mcarvajal;-;1;02-10-2025
2320155;mcarvajal;-;1;02-10-2025
2343709;mcarvajal;-;1;02-10-2025
715907;mcarvajal;-;1;02-10-2025
1387600;mcarvajal;-;1;02-10-2025
556081;mcarvajal;-;1;02-10-2025
2267668;mcarvajal;-;1;02-10-2025
1379115;mcarvajal;-;1;02-10-2025
1302011;mcarvajal;-;1;02-10-2025
700437;mcarvajal;-;1;03-10-2025
2259449;mcarvajal;-;1;03-10-2025
1678128;mcarvajal;-;1;03-10-2025
1758317;mcarvajal;-;1;03-10-2025
1963931;mcarvajal;-;1;03-10-2025
555493;mcarvajal;-;1;03-10-2025
555266;mcarvajal;-;1;03-10-2025
556967;mcarvajal;-;1;03-10-2025
557440;mcarvajal;-;1;03-10-2025
553828;mcarvajal;-;1;03-10-2025
1855494;mcarvajal;-;1;03-10-2025
2235246;mcarvajal;-;1;03-10-2025
556503;mcarvajal;-;1;03-10-2025
2227424;mcarvajal;-;1;03-10-2025
838245;mcarvajal;-;1;03-10-2025
1394171;mpacheco;-;1;29-09-2025
2205644;mpacheco;-;1;29-09-2025
2116298;mpacheco;-;1;29-09-2025
2202507;mpacheco;-;1;29-09-2025
1862825;mpacheco;-;1;29-09-2025
2288954;mpacheco;-;1;29-09-2025
1647743;mpacheco;-;1;29-09-2025
2313125;mpacheco;-;1;29-09-2025
1952764;mpacheco;-;1;29-09-2025
2209865;mpacheco;-;1;29-09-2025
529691;mpacheco;-;1;29-09-2025
848214;mpacheco;-;1;29-09-2025
2208433;mpacheco;-;1;29-09-2025
876981;mpacheco;-;1;29-09-2025
2272532;mpacheco;-;1;29-09-2025
1655889;mpacheco;-;1;30-09-2025
2351696;mpacheco;-;1;30-09-2025
1539246;mpacheco;-;1;30-09-2025
1363475;mpacheco;-;1;30-09-2025
2305166;mpacheco;-;1;30-09-2025
1569959;mpacheco;-;1;30-09-2025
2280041;mpacheco;-;1;30-09-2025
904608;mpacheco;-;1;30-09-2025
1673350;mpacheco;-;1;30-09-2025
2398326;mpacheco;-;1;30-09-2025
2285458;mpacheco;-;1;30-09-2025
2346591;mpacheco;-;1;30-09-2025
2397791;mpacheco;-;1;30-09-2025
931651;mpacheco;-;1;30-09-2025
2332371;mpacheco;-;1;30-09-2025
1870230;mpacheco;-;1;01-10-2025
2291501;mpacheco;-;1;01-10-2025
2335758;mpacheco;-;1;01-10-2025
2252261;mpacheco;-;1;01-10-2025
1354345;mpacheco;-;1;01-10-2025
2156991;mpacheco;-;1;01-10-2025
2028737;mpacheco;-;1;01-10-2025
2305091;mpacheco;-;1;01-10-2025
2256580;mpacheco;-;1;01-10-2025
2311115;mpacheco;-;1;01-10-2025
1798297;mpacheco;-;1;01-10-2025
530053;mpacheco;-;1;01-10-2025
1571829;mpacheco;-;1;01-10-2025
2331209;mpacheco;-;1;01-10-2025
2102438;mpacheco;-;1;01-10-2025
531248;mpacheco;-;1;02-10-2025
1843459;mpacheco;-;1;02-10-2025
2213655;mpacheco;-;1;02-10-2025
2278151;mpacheco;-;1;02-10-2025
2148461;mpacheco;-;1;02-10-2025
2343457;mpacheco;-;1;02-10-2025
1666821;mpacheco;-;1;02-10-2025
2042795;mpacheco;-;1;02-10-2025
531226;mpacheco;-;1;02-10-2025
1654549;mpacheco;-;1;02-10-2025
2042567;mpacheco;-;1;02-10-2025
2331974;mpacheco;-;1;02-10-2025
1599657;mpacheco;-;1;02-10-2025
2221403;mpacheco;-;1;02-10-2025
2261453;mpacheco;-;1;02-10-2025
898724;mpacheco;-;1;03-10-2025
870657;mpacheco;-;1;03-10-2025
2197200;mpacheco;-;1;03-10-2025
780883;mpacheco;-;1;03-10-2025
2341432;mpacheco;-;1;03-10-2025
1431131;mpacheco;-;1;03-10-2025
2233202;mpacheco;-;1;03-10-2025
2419453;mpacheco;-;1;03-10-2025
2087252;mpacheco;-;1;03-10-2025
893651;mpacheco;-;1;03-10-2025
1692931;mpacheco;-;1;03-10-2025
1471919;mpacheco;-;1;03-10-2025
2277140;mpacheco;-;1;03-10-2025
1332044;mpacheco;-;1;03-10-2025
2198203;mpacheco;-;1;03-10-2025
1307976;rvergara;-;1;29-09-2025
2326536;rvergara;-;1;29-09-2025
2318817;rvergara;-;1;29-09-2025
880806;rvergara;-;1;29-09-2025
2213852;rvergara;-;1;29-09-2025
2223708;rvergara;-;1;29-09-2025
588176;rvergara;-;1;29-09-2025
700595;rvergara;-;1;29-09-2025
2296792;rvergara;-;1;29-09-2025
1323444;rvergara;-;1;29-09-2025
2210471;rvergara;-;1;29-09-2025
2273558;rvergara;-;1;29-09-2025
2141263;rvergara;-;1;29-09-2025
2237278;rvergara;-;1;29-09-2025
587705;rvergara;-;1;29-09-2025
2043377;rvergara;-;1;30-09-2025
859364;rvergara;-;1;30-09-2025
587287;rvergara;-;1;30-09-2025
588081;rvergara;-;1;30-09-2025
599409;rvergara;-;1;30-09-2025
924946;rvergara;-;1;30-09-2025
586652;rvergara;-;1;30-09-2025
588713;rvergara;-;1;30-09-2025
2181240;rvergara;-;1;30-09-2025
587455;rvergara;-;1;30-09-2025
2286047;rvergara;-;1;30-09-2025
2233420;rvergara;-;1;30-09-2025
588460;rvergara;-;1;30-09-2025
2094726;rvergara;-;1;30-09-2025
587405;rvergara;-;1;30-09-2025
2253966;rvergara;-;1;01-10-2025
615950;rvergara;-;1;01-10-2025
991235;rvergara;-;1;01-10-2025
590031;rvergara;-;1;01-10-2025
587840;rvergara;-;1;01-10-2025
1865521;rvergara;-;1;01-10-2025
795261;rvergara;-;1;01-10-2025
588441;rvergara;-;1;01-10-2025
1359039;rvergara;-;1;01-10-2025
589670;rvergara;-;1;01-10-2025
726030;rvergara;-;1;01-10-2025
2271648;rvergara;-;1;01-10-2025
2335149;rvergara;-;1;01-10-2025
875473;rvergara;-;1;01-10-2025
1421662;rvergara;-;1;01-10-2025
997306;rvergara;-;1;02-10-2025
778656;rvergara;-;1;02-10-2025
1761551;rvergara;-;1;02-10-2025
712359;rvergara;-;1;02-10-2025
588385;rvergara;-;1;02-10-2025
2244876;rvergara;-;1;02-10-2025
2210605;rvergara;-;1;02-10-2025
586734;rvergara;-;1;02-10-2025
2094649;rvergara;-;1;02-10-2025
918893;rvergara;-;1;02-10-2025
588593;rvergara;-;1;02-10-2025
875472;rvergara;-;1;02-10-2025
2100462;rvergara;-;1;02-10-2025
587227;rvergara;-;1;02-10-2025
1928574;rvergara;-;1;02-10-2025
927711;rvergara;-;1;03-10-2025
2196944;rvergara;-;1;03-10-2025
589231;rvergara;-;1;03-10-2025
589141;rvergara;-;1;03-10-2025
1604362;rvergara;-;1;03-10-2025
2034460;rvergara;-;1;03-10-2025
2036349;rvergara;-;1;03-10-2025
1385540;rvergara;-;1;03-10-2025
723222;rvergara;-;1;03-10-2025
1951428;rvergara;-;1;03-10-2025
1720996;rvergara;-;1;03-10-2025
684622;rvergara;-;1;03-10-2025
1760795;rvergara;-;1;03-10-2025
589815;rvergara;-;1;03-10-2025
689512;rvergara;-;1;03-10-2025
1387892;sfigueroa;-;1;29-09-2025
539616;sfigueroa;-;1;29-09-2025
549798;sfigueroa;-;1;29-09-2025
544603;sfigueroa;-;1;29-09-2025
796809;sfigueroa;-;1;29-09-2025
539064;sfigueroa;-;1;29-09-2025
1430408;sfigueroa;-;1;29-09-2025
534837;sfigueroa;-;1;29-09-2025
788568;sfigueroa;-;1;29-09-2025
536800;sfigueroa;-;1;29-09-2025
538988;sfigueroa;-;1;29-09-2025
1652773;sfigueroa;-;1;29-09-2025
2153890;sfigueroa;-;1;29-09-2025
993226;sfigueroa;-;1;29-09-2025
1459070;sfigueroa;-;1;29-09-2025
1853684;sfigueroa;-;1;30-09-2025
2223672;sfigueroa;-;1;30-09-2025
2331392;sfigueroa;-;1;30-09-2025
542909;sfigueroa;-;1;30-09-2025
2277762;sfigueroa;-;1;30-09-2025
2237719;sfigueroa;-;1;30-09-2025
863101;sfigueroa;-;1;30-09-2025
784013;sfigueroa;-;1;30-09-2025
815985;sfigueroa;-;1;30-09-2025
1738032;sfigueroa;-;1;30-09-2025
2087409;sfigueroa;-;1;30-09-2025
2243673;sfigueroa;-;1;30-09-2025
873219;sfigueroa;-;1;30-09-2025
537800;sfigueroa;-;1;30-09-2025
2338004;sfigueroa;-;1;30-09-2025
998607;sfigueroa;-;1;01-10-2025
934121;sfigueroa;-;1;01-10-2025
537875;sfigueroa;-;1;01-10-2025
818218;sfigueroa;-;1;01-10-2025
1803063;sfigueroa;-;1;01-10-2025
2240360;sfigueroa;-;1;01-10-2025
2183627;sfigueroa;-;1;01-10-2025
542932;sfigueroa;-;1;01-10-2025
1421447;sfigueroa;-;1;01-10-2025
1638011;sfigueroa;-;1;01-10-2025
2002095;sfigueroa;-;1;01-10-2025
904314;sfigueroa;-;1;01-10-2025
1475694;sfigueroa;-;1;01-10-2025
876090;sfigueroa;-;1;01-10-2025
536950;sfigueroa;-;1;01-10-2025
920168;sfigueroa;-;1;02-10-2025
849611;sfigueroa;-;1;02-10-2025
542674;sfigueroa;-;1;02-10-2025
1474849;sfigueroa;-;1;02-10-2025
1456874;sfigueroa;-;1;02-10-2025
2213178;sfigueroa;-;1;02-10-2025
2127592;sfigueroa;-;1;02-10-2025
2218008;sfigueroa;-;1;02-10-2025
1465794;sfigueroa;-;1;02-10-2025
2283344;sfigueroa;-;1;02-10-2025
778266;sfigueroa;-;1;02-10-2025
2326202;sfigueroa;-;1;02-10-2025
2215875;sfigueroa;-;1;02-10-2025
1955244;sfigueroa;-;1;02-10-2025
544233;sfigueroa;-;1;02-10-2025
999213;sfigueroa;-;1;03-10-2025
2077434;sfigueroa;-;1;03-10-2025
542900;sfigueroa;-;1;03-10-2025
1621452;sfigueroa;-;1;03-10-2025
1701499;sfigueroa;-;1;03-10-2025
535583;sfigueroa;-;1;03-10-2025
2142457;sfigueroa;-;1;03-10-2025
2100906;sfigueroa;-;1;03-10-2025
2272546;sfigueroa;-;1;03-10-2025
2230439;sfigueroa;-;1;03-10-2025
535829;sfigueroa;-;1;03-10-2025
770153;sfigueroa;-;1;03-10-2025
2291245;sfigueroa;-;1;03-10-2025
1499722;sfigueroa;-;1;03-10-2025
2181431;sfigueroa;-;1;03-10-2025
1356722;sfuenzalida;-;1;29-09-2025
548368;sfuenzalida;-;1;29-09-2025
1704385;sfuenzalida;-;1;29-09-2025
2212294;sfuenzalida;-;1;29-09-2025
547911;sfuenzalida;-;1;29-09-2025
2295694;sfuenzalida;-;1;29-09-2025
547938;sfuenzalida;-;1;29-09-2025
693431;sfuenzalida;-;1;29-09-2025
787818;sfuenzalida;-;1;29-09-2025
833663;sfuenzalida;-;1;29-09-2025
751499;sfuenzalida;-;1;29-09-2025
2127073;sfuenzalida;-;1;29-09-2025
547466;sfuenzalida;-;1;29-09-2025
546463;sfuenzalida;-;1;29-09-2025
2055658;sfuenzalida;-;1;29-09-2025
1717048;sfuenzalida;-;1;30-09-2025
727685;sfuenzalida;-;1;30-09-2025
992616;sfuenzalida;-;1;30-09-2025
549172;sfuenzalida;-;1;30-09-2025
548433;sfuenzalida;-;1;30-09-2025
2098546;sfuenzalida;-;1;30-09-2025
1991540;sfuenzalida;-;1;30-09-2025
1683342;sfuenzalida;-;1;30-09-2025
548859;sfuenzalida;-;1;30-09-2025
547287;sfuenzalida;-;1;30-09-2025
2059048;sfuenzalida;-;1;30-09-2025
1680380;sfuenzalida;-;1;30-09-2025
884204;sfuenzalida;-;1;30-09-2025
549632;sfuenzalida;-;1;30-09-2025
547820;sfuenzalida;-;1;30-09-2025
548038;sfuenzalida;-;1;01-10-2025
920933;sfuenzalida;-;1;01-10-2025
549382;sfuenzalida;-;1;01-10-2025
1870810;sfuenzalida;-;1;01-10-2025
548065;sfuenzalida;-;1;01-10-2025
547155;sfuenzalida;-;1;01-10-2025
919471;sfuenzalida;-;1;01-10-2025
549092;sfuenzalida;-;1;01-10-2025
548546;sfuenzalida;-;1;01-10-2025
2237852;sfuenzalida;-;1;01-10-2025
549087;sfuenzalida;-;1;01-10-2025
546028;sfuenzalida;-;1;01-10-2025
1357140;sfuenzalida;-;1;01-10-2025
548143;sfuenzalida;-;1;01-10-2025
2295341;sfuenzalida;-;1;01-10-2025
994738;sfuenzalida;-;1;02-10-2025
915680;sfuenzalida;-;1;02-10-2025
809414;sfuenzalida;-;1;02-10-2025
1379616;sfuenzalida;-;1;02-10-2025
2307844;sfuenzalida;-;1;02-10-2025
2302219;sfuenzalida;-;1;02-10-2025
547589;sfuenzalida;-;1;02-10-2025
2118400;sfuenzalida;-;1;02-10-2025
2113985;sfuenzalida;-;1;02-10-2025
547764;sfuenzalida;-;1;02-10-2025
2109736;sfuenzalida;-;1;02-10-2025
873389;sfuenzalida;-;1;02-10-2025
546444;sfuenzalida;-;1;02-10-2025
574594;sfuenzalida;-;1;02-10-2025
1682256;sfuenzalida;-;1;02-10-2025
549598;sfuenzalida;-;1;03-10-2025
548056;sfuenzalida;-;1;03-10-2025
2270103;sfuenzalida;-;1;03-10-2025
1701922;sfuenzalida;-;1;03-10-2025
547541;sfuenzalida;-;1;03-10-2025
546994;sfuenzalida;-;1;03-10-2025
2315282;sfuenzalida;-;1;03-10-2025
1705347;sfuenzalida;-;1;03-10-2025
722929;sfuenzalida;-;1;03-10-2025
548330;sfuenzalida;-;1;03-10-2025
729955;sfuenzalida;-;1;03-10-2025
2283137;sfuenzalida;-;1;03-10-2025
2264977;sfuenzalida;-;1;03-10-2025
549207;sfuenzalida;-;1;03-10-2025
2199723;sfuenzalida;-;1;03-10-2025
1323056;vortega;-;1;29-09-2025
2341377;vortega;-;1;29-09-2025
583275;vortega;-;1;29-09-2025
583386;vortega;-;1;29-09-2025
715232;vortega;-;1;29-09-2025
581793;vortega;-;1;29-09-2025
1495393;vortega;-;1;29-09-2025
895877;vortega;-;1;29-09-2025
2014210;vortega;-;1;29-09-2025
1324720;vortega;-;1;29-09-2025
1538961;vortega;-;1;29-09-2025
863611;vortega;-;1;29-09-2025
2233691;vortega;-;1;29-09-2025
775156;vortega;-;1;29-09-2025
775152;vortega;-;1;29-09-2025
1338865;vortega;-;1;29-09-2025
1498869;vortega;-;1;29-09-2025
1681747;vortega;-;1;29-09-2025
1697182;vortega;-;1;30-09-2025
838880;vortega;-;1;30-09-2025
2246382;vortega;-;1;30-09-2025
582446;vortega;-;1;30-09-2025
745123;vortega;-;1;30-09-2025
761141;vortega;-;1;30-09-2025
580661;vortega;-;1;30-09-2025
2262348;vortega;-;1;30-09-2025
1431727;vortega;-;1;30-09-2025
1389476;vortega;-;1;30-09-2025
1339132;vortega;-;1;30-09-2025
1600122;vortega;-;1;30-09-2025
2276272;vortega;-;1;30-09-2025
1431048;vortega;-;1;30-09-2025
1753622;vortega;-;1;30-09-2025
1762122;vortega;-;1;30-09-2025
799251;vortega;-;1;30-09-2025
1602794;vortega;-;1;30-09-2025
998263;vortega;-;1;01-10-2025
2200537;vortega;-;1;01-10-2025
981586;vortega;-;1;01-10-2025
1636537;vortega;-;1;01-10-2025
2034701;vortega;-;1;01-10-2025
1963440;vortega;-;1;01-10-2025
1944046;vortega;-;1;01-10-2025
694235;vortega;-;1;01-10-2025
834034;vortega;-;1;01-10-2025
687382;vortega;-;1;01-10-2025
829675;vortega;-;1;01-10-2025
1491257;vortega;-;1;01-10-2025
2325834;vortega;-;1;01-10-2025
1355488;vortega;-;1;01-10-2025
1368924;vortega;-;1;01-10-2025
591715;vortega;-;1;01-10-2025
802598;vortega;-;1;01-10-2025
615848;vortega;-;1;01-10-2025
581264;vortega;-;1;02-10-2025
582792;vortega;-;1;02-10-2025
2096501;vortega;-;1;02-10-2025
1748547;vortega;-;1;02-10-2025
582037;vortega;-;1;02-10-2025
728167;vortega;-;1;02-10-2025
990627;vortega;-;1;02-10-2025
1969128;vortega;-;1;02-10-2025
581566;vortega;-;1;02-10-2025
686287;vortega;-;1;02-10-2025
2151713;vortega;-;1;02-10-2025
2283814;vortega;-;1;02-10-2025
1350032;vortega;-;1;02-10-2025
895974;vortega;-;1;02-10-2025
787022;vortega;-;1;02-10-2025
2306340;vortega;-;1;02-10-2025
582682;vortega;-;1;02-10-2025
826208;vortega;-;1;02-10-2025
2329090;vortega;-;1;03-10-2025
1670296;vortega;-;1;03-10-2025
2302030;vortega;-;1;03-10-2025
1334365;vortega;-;1;03-10-2025
581876;vortega;-;1;03-10-2025
717688;vortega;-;1;03-10-2025
2080659;vortega;-;1;03-10-2025
2230851;vortega;-;1;03-10-2025
2024481;vortega;-;1;03-10-2025
869496;vortega;-;1;03-10-2025
2059089;vortega;-;1;03-10-2025
1350625;vortega;-;1;03-10-2025
2248258;vortega;-;1;03-10-2025
2393882;vortega;-;1;03-10-2025
1809045;vortega;-;1;03-10-2025
890089;vortega;-;1;03-10-2025
583662;vortega;-;1;03-10-2025
1643358;vortega;-;1;03-10-2025
